timestamp,question,answer,feedback_type,user_id
2025-08-12 11:28:15,신규급여신청하는방법,"신규 급여 신청 방법:신청 기간:• 2025년 8월 18일(월)부터 8월 22일(금)까지입니다.신청 방법:• 온라인 신청: 노인장기요양보험 홈페이지를 통해 신청 가능합니다.• 등기우편 제출: USB에 필요한 서류를 담아 등기우편으로 제출하실 수 있습니다. 단, 마감일(2025년 8월 22일)까지 등기 발송된 것만 인정됩니다.서류 심사:• 8월부터 9월까지 진행됩니다.• 유통 및 제조(수입) 실적, 규격 충족 입증서류 등의 제출서류의 적정성을 검토합니다.• 심사 결과 보완 요청을 받은 경우, 통보일로부터 7일 이내에 보완하여 제출해야 합니다. 최종 서류가 '적합'으로 판정된 제품만 제품 심사를 받게 됩니다.가격 서류 심사:• 8월부터 11월까지 진행됩니다.• 재료비, 매입원가 등 가격 산출 내역을 검토하고 제조 공정을 확인합니다.• 심사 결과 보완 요청을 받은 경우, 통보일로부터 7일 이내에 보완하여 제출해야 합니다.제품 심사:• 10월부터 11월까지 진행됩니다.⚠️  주의사항: 허위 자료 제출 시 심사 절차가 즉시 중단되며, '부적합' 처리됩니다. 또한, 복지용구 신규 급여 결정 신청이 2회 제한될 수 있습니다.📞  문의: 더 자세한 사항은 국민건강보험공단에 문의해 주세요.",dislike,user_1xtoehtxl_1754965639903
2025-08-12 11:28:23,신규급여결정신청,"신규급여결정신청 안내신청 기간:• 신규 급여 결정 신청은 신청 기간 내에만 가능합니다. 신청 기간을 놓치지 않도록 주의해 주세요.신청 방법:• 신청서를 작성하고 파일을 첨부할 때는 지정된 형식(파일 용량, 확장자 등)을 준수해야 합니다.• 자세한 사항은 온라인 신청 절차 안내서를 참고하시기 바랍니다.신청 심사:• 신규 신청 품목(고시 외)은 위원회 심의 결과에 따라 급여 인정 여부가 결정됩니다.1️⃣ 품목과 제품 모두 급여 인정되는 경우: 동시 급여 등재2️⃣ 품목이 급여 불인정되는 경우: 해당 제품도 급여 불인정주의사항:⚠️ 허위 자료 제출 시 심사 절차가 즉시 중단되며, '부적합' 처리됩니다.⚠️ 복지용구 신규 급여 결정 신청이 2회 제한됩니다.⚠️ 사문서 위조에 따른 소송이 제기될 수 있으니, 서류 제출 전 반드시 원가 요소 등을 올바르게 작성했는지 확인해 주세요.결과 통보:• 신청일로부터 120일 이내에 급여 결정 신청 결과가 통보됩니다.문의:📞 자세한 사항은 국민건강보험공단에 문의해 주세요.이 안내가 도움이 되셨기를 바랍니다. 추가로 궁금한 점이 있으시면 언제든지 문의해 주세요.",like,user_1xtoehtxl_1754965639903
2025-08-12 14:34:21,복지용구 급여유효기간 갱신 실시 일정,"복지용구 급여유효기간 갱신 실시 일정신청 대상:• 2025년 10월 16일에 급여유효기간이 만료 예정인 복지용구 25개 제품• 2025년 12월 31일에 급여유효기간이 만료 예정인 복지용구 55개 제품갱신 대상 제품 확인 방법:• 갱신 대상 제품의 상세 현황은 별첨을 참조해 주세요.• 공급업체 업무 포털에서 급여유효기간 확인 방법을 참고하실 수 있습니다.주의사항:⚠️ 공급업체는 급여유효기간 갱신 만료일 이후에 추가 유통을 희망하는 경우, 해당 제품의 갱신 접수 기간을 반드시 확인하여 접수 기간 내에 접수해 주시기 바랍니다.문의:📞 자세한 사항은 국민건강보험공단에 문의해 주세요.",dislike,user_nmiyhkrnf_1754976760714
2025-08-12 14:34:21,복지용구 급여유효기간 갱신 실시 일정,"복지용구 급여유효기간 갱신 실시 일정신청 대상:• 2025년 10월 16일에 급여유효기간이 만료 예정인 복지용구 25개 제품• 2025년 12월 31일에 급여유효기간이 만료 예정인 복지용구 55개 제품갱신 대상 제품 확인 방법:• 갱신 대상 제품의 상세 현황은 별첨을 참조해 주세요.• 공급업체 업무 포털에서 급여유효기간 확인 방법을 참고하실 수 있습니다.주의사항:⚠️ 공급업체는 급여유효기간 갱신 만료일 이후에 추가 유통을 희망하는 경우, 해당 제품의 갱신 접수 기간을 반드시 확인하여 접수 기간 내에 접수해 주시기 바랍니다.문의:📞 자세한 사항은 국민건강보험공단에 문의해 주세요.",like,user_nmiyhkrnf_1754976760714
2025-08-12 14:35:26,복지용구 급여유효기간 갱신 알려줘ㅗ,"복지용구 급여유효기간 갱신 안내복지용구 급여유효기간 갱신이란:복지용구 제품의 지속적인 관리와 사용을 위해 2017년부터 도입된 제도입니다. 이 제도를 통해 복지용구의 사용 가능 기간을 정하고, 그 기간이 만료되기 전에 갱신 신청을 통해 계속 사용할 수 있도록 합니다.갱신 신청 대상:• 2025년 12월 31일에 급여유효기간이 만료 예정인 복지용구 55개 제품• 2025년 10월 16일에 급여유효기간이 만료 예정인 복지용구 25개 제품갱신 신청 방법:1️⃣ 공급업체 업무 포털에서 급여유효기간을 확인합니다.2️⃣ 갱신 접수 기간 내에 반드시 신청을 완료해야 합니다.3️⃣ 갱신 신청이 완료되면, 복지용구를 계속 사용할 수 있습니다.주의사항:⚠️ 갱신 접수 기간을 놓치면, 해당 복지용구의 추가 유통이 어려울 수 있습니다.📞  문의: 자세한 사항은 국민건강보험공단에 문의해 주세요.복지용구의 사용에 불편함이 없도록, 갱신 신청을 제때에 하시길 바랍니다. 궁금한 점이 있으면 언제든지 문의해 주세요.",dislike,user_nmiyhkrnf_1754976760714
2025-08-12 14:35:30,복지용구 급여유효기간 갱신 기간알려줘,"복지용구 급여유효기간 갱신 안내갱신 신청 대상:• 2025년 10월 16일에 급여유효기간이 만료 예정인 복지용구 25개 제품• 2025년 12월 31일에 급여유효기간이 만료 예정인 복지용구 55개 제품갱신 신청 방법:• 복지용구의 급여유효기간이 만료되기 전에 공급업체 업무 포털에서 갱신 신청을 하셔야 합니다.• 갱신 대상 제품의 상세 현황은 별첨을 참조해 주세요.주의사항:⚠️  공급업체는 갱신 접수 기간을 반드시 확인하여 접수 기간 내에 신청해야 합니다.⚠️  갱신 신청을 하지 않으면 만료일 이후 추가 유통이 불가능할 수 있습니다.문의:📞  국민건강보험공단에 문의하셔서 자세한 정보를 확인해 주세요.복지용구의 급여유효기간 갱신은 어르신들의 편안한 생활을 위해 매우 중요하니, 반드시 기간 내에 신청하시기 바랍니다.",like,user_nmiyhkrnf_1754976760714
2025-08-12 14:41:39,기간은?,"복지용구 대여 및 구매 기간:복지용구를 대여하거나 구매하실 때는 기간에 대한 이해가 중요합니다. 아래 내용을 참고해 주세요.대여 기간:• 최대 5년까지 대여 가능합니다. 대여 기간은 개인의 필요에 따라 조정될 수 있습니다.• 대여 기간이 끝나기 전에 연장이 필요하신 경우, 국민건강보험공단에 문의하셔서 연장 가능 여부를 확인해 주세요.구매 기간:• 복지용구는 필요에 따라 언제든지 구매하실 수 있습니다.• 구매 후에는 반환이 불가하니, 신중하게 결정해 주세요.⚠️  주의사항: 대여와 구매 시 본인부담금이 발생할 수 있으며, 소득 수준에 따라 달라질 수 있습니다.📞  문의: 자세한 사항은 국민건강보험공단에 문의해 주세요.",dislike,user_erfb9r9o1_1754977110923
2025-08-12 14:41:49,복지용구 급여유효기간 갱신 실시일정,"복지용구 급여유효기간 갱신 실시일정신청대상:• 2025년 12월 31일에 급여유효기간이 만료 예정인 55개 복지용구 제품• 2025년 10월 16일에 급여유효기간이 만료 예정인 25개 복지용구 제품신청방법 및 기간:• 신청방법: 공급업체가 신청일자에 맞춰 전산처리• 신청경로: 공급업체 로그인 후 [복지용구신청] → [복지용구 급여유효기간 갱신신청 등록]유의사항:⚠️  주의사항: 급여유효기간 만료일 90일 전부터 60일 전까지 관련 서류를 첨부하여 공단에 갱신 신청을 해야 합니다.📞  문의: 국민건강보험공단에 확인해 주세요.복지용구의 급여유효기간이 만료되면 추가 유통이 불가하니, 반드시 기간 내에 갱신 신청을 완료하시기 바랍니다.",dislike,user_erfb9r9o1_1754977110923
2025-08-12 14:47:48,복지용구 급여유효기간 갱신 실시일정,"복지용구 급여유효기간 갱신 실시일정신청대상:• 2025.12.31. 급여유효기간 만료 예정인 복지용구 55개 제품• 2025.10.16. 급여유효기간 만료 예정인 복지용구 25개 제품신청방법 및 기간:• 2025년 제4차 갱신 신청:  - 신청기간: 2025.10.1. ~ 2025.10.31. (1개월)  - 신청방법: 공급업체가 전산처리 경로를 통해 신청  - 전산처리 경로: 공급업체 로그인 / 복지용구신청 / 복지용구 급여유효기간 갱신 신청 등록  - ⚠️  주의사항: 접수기간 초과 시 전산입력이 불가하므로 반드시 기간 내에 전산등록 하셔야 합니다.• 2025년 제3차 갱신 신청:  - 신청기간: 2025.7.18. ~ 2025.8.17. (1개월)  - 신청방법: 공급업체가 전산처리 경로를 통해 신청  - 전산처리 경로: 공급업체 로그인 / 복지용구신청 / 복지용구 급여유효기간 갱신 신청 등록  - ⚠️  주의사항: 접수기간 초과 시 전산입력이 불가하므로 반드시 기간 내에 전산등록 하셔야 합니다.문의처:📞  제4차 갱신 문의: 요양자원실 건강보험고령친화연구센터 연구4팀 033-736-1899📞  제3차 갱신 문의: 요양자원실 건강보험고령친화연구센터 연구3팀 033-736-1887추가 정보:• 전산사용 매뉴얼: 노인장기요양보험 홈페이지 / 알림, 자료실 / 복지용구 안내 / 공지사항에서 확인 가능• 담당자 이메일: 제3차 갱신 - 220133@nhis.or.kr, 제4차 갱신 - kskang@nhis.or.kr복지용구의 급여유효기간 갱신은 어르신들의 일상생활과 건강을 지원하는 중요한 절차입니다. 반드시 정해진 기간 내에 신청을 완료하시기 바랍니다.",like,user_7zreuxj1s_1754977626379
2025-08-12 14:58:45,복지용구 급여유효기간 갱신 실시일정,복지용구 급여유효기간 갱신 실시일정신청대상:• 2025.12.31. 급여유효기간 만료 예정인 복지용구 55개 제품• 2025.10.16. 급여유효기간 만료 예정인 복지용구 25개 제품신청방법 및 기간:• 2025년 제4차 갱신 신청:  - 방법: 공급업체가 전산처리  - 기간: 2025.10.1. ~ 2025.10.31. (1개월)  - ⚠️  주의사항: 접수기간 초과 시 전산입력이 불가하므로 반드시 기간 내에 전산등록 하셔야 합니다.• 2025년 제3차 갱신 신청:  - 방법: 공급업체가 전산처리  - 기간: 2025.7.18. ~ 2025.8.17. (1개월)  - ⚠️  주의사항: 접수기간 초과 시 전산입력이 불가하므로 반드시 기간 내에 전산등록 하셔야 합니다.문의처:📞  제4차 갱신 문의: 요양자원실 건강보험고령친화연구센터 연구4팀 033-736-1899📞  제3차 갱신 문의: 요양자원실 건강보험고령친화연구센터 연구3팀 033-736-1887추가 정보:• 전산사용 매뉴얼: 노인장기요양보험 홈페이지의 공지사항에서 확인 가능• 배회감지기(GPS형) 품목: 별도 처리 사항 없음복지용구의 급여유효기간 갱신은 어르신들의 일상생활과 건강을 지원하는 중요한 절차입니다. 반드시 정해진 기간 내에 신청을 완료하시기 바랍니다.,like,user_cus02iwyu_1754978284474
2025-08-12 15:08:13,복지용구 급여갱신 언제지?,"복지용구 급여유효기간 갱신 일정 안내신청대상:• 2025년 12월 31일에 급여유효기간이 만료 예정인 복지용구 55개 제품신청방법 및 기간:• 신청방법: 공급업체가 전산처리를 통해 신청• 전산처리 경로: 공급업체 로그인 → 복지용구신청 → 복지용구 급여유효기간 갱신 신청 등록• 접수기간: 2025년 10월 1일부터 2025년 10월 31일까지⚠️  주의사항: 접수기간을 초과하면 전산입력이 불가하여 갱신 신청이 불가능하므로, 반드시 기간 내에 전산등록을 완료해 주세요.📞  문의: 요양자원실 건강보험고령친화연구센터 연구4팀 033-736-1899위 내용을 참고하시어 복지용구 급여유효기간 갱신을 준비해 주시기 바랍니다. 추가적인 문의사항이 있으시면 국민건강보험공단에 연락해 주세요.",dislike,user_cus02iwyu_1754978284474
2025-08-12 16:15:49,복지용구 신청방법,"복지용구 신청방법:복지용구를 신청하시려면 다음의 절차를 따라주시면 됩니다.신청 절차:1️⃣ 온라인 신청:     복지용구 신규 급여결정신청은 온라인으로 진행됩니다.     ⚠️  주의사항: 온라인 신청은 엣지(구. 익스플로러) 브라우저에서만 가능합니다. 크롬 등 다른 브라우저는 지원되지 않으니 유의해 주세요.2️⃣ 서류 준비:     신청을 위해 필요한 서류를 준비하셔야 합니다.     • 사업자등록증 사본     • 법인등기부등본 (말소사항 포함)     • 복지용구 품목별 소독업무 매뉴얼 등3️⃣ 제출 방법:     준비된 서류는 등기우편으로 제출하셔야 합니다.     • 제출처: 강원도 원주시 건강로 32, 국민건강보험공단 23층 요양자원실 복지용구부     • 문의처: 제품서류 관련 문의는 033-736-1987로 연락해 주세요.4️⃣ 신청 요건:     신청 제품은 다음 요건을 충족해야 합니다.     • 최근 1년간 200개 이상 또는 5,000만원 이상 국내 판매 실적이 있는 제품     • 고령친화우수제품으로 지정된 경우, 사용성 평가 필수5️⃣ 유의사항:     • 모든 서류는 유효기간 내에 발급된 것만 인정됩니다.     • 신청 제품과 서류상의 제품명 및 모델명이 일치해야 합니다.📞  문의: 추가적인 문의사항이 있으시면 국민건강보험공단에 연락해 주세요.이렇게 준비하시면 복지용구 신청을 원활하게 진행하실 수 있습니다. 도움이 필요하시면 언제든지 문의해 주세요.",dislike,user_36b3o1b7r_1754982909703
2025-08-12 16:17:21,본인부담률,"본인부담률:✅  일반 대상자: 15%입니다. 일반적으로 복지용구를 이용하실 때는 이 비율을 부담하셔야 합니다.✅  저소득층: 5%로, 소득이 낮으신 분들은 더 낮은 비율로 부담하실 수 있습니다.⚠️  주의사항: 소득 기준에 따라 본인부담률이 달라질 수 있으니, 반드시 본인의 소득 상황을 확인하시고 적용되는 비율을 확인하셔야 합니다.📞  문의: 더 자세한 사항은 국민건강보험공단에 문의하시면 정확한 정보를 얻으실 수 있습니다.",dislike,user_36b3o1b7r_1754982909703
2025-08-12 16:52:46,본인부담률,본인부담률:✅  일반 대상자: 15%✅  저소득층: 5%⚠️  주의사항: 소득 기준에 따라 달라질 수 있습니다.📞  문의: 국민건강보험공단에 확인해 주세요.,dislike,user_cbhe9wfa7_1754984641125
2025-08-12 16:52:46,본인부담률,본인부담률:✅  일반 대상자: 15%✅  저소득층: 5%⚠️  주의사항: 소득 기준에 따라 달라질 수 있습니다.📞  문의: 국민건강보험공단에 확인해 주세요.,dislike,user_cbhe9wfa7_1754984641125
2025-08-12 16:52:48,하이메디 접이식지팡이 가격이 얼마인가요?,"가격 안내:• 하이메디 접이식지팡이 (L): 25,000원• 하이메디 접이식지팡이 (S): 25,000원두 가지 사이즈 모두 동일한 가격입니다. 추가적인 정보가 필요하시면 언제든지 문의해 주세요.",like,user_cbhe9wfa7_1754984641125
2025-08-12 16:53:50,본인부담률,"제목복지용구 본인부담률 안내본인부담률:✅  본인부담률: 복지용구를 이용하실 때, 본인부담률은 15%입니다. 이는 복지용구를 대여하거나 구입할 때, 전체 비용 중에서 본인이 부담해야 하는 비율을 의미합니다.✅  환급 가능: 등급이 인정된 이후에는 본인부담금을 제외한 나머지 금액을 환급받을 수 있습니다. 예를 들어, 등급 인정일 이후부터는 급여 적용이 가능하여 일부 금액을 환급받을 수 있습니다.⚠️  주의사항: 등급 인정일 기준으로 환급이 가능하므로, 등급 인정 통보 후 구입 또는 대여 시점과 내역을 공단에 제출해야 합니다.📞  문의: 구체적인 사항은 국민건강보험공단에 문의해 주세요.주의: 본인부담률은 복지용구의 종류나 개인의 상황에 따라 다를 수 있으니, 반드시 관련 기관에 확인하시기 바랍니다.",dislike,user_cbhe9wfa7_1754984641125
2025-08-12 16:56:07,복지용구 본인부담률이 어떻게 되나요,"제목복지용구 본인부담률 안내본인부담률:복지용구를 이용하실 때, 본인부담률은 다음과 같이 적용됩니다:- 일반 대상자: 본인부담률은 15%입니다.- 감경 대상자 (보험료 순위 25% 초과 50% 이하): 본인부담률은 9%입니다.- 감경 대상자 (보험료 순위 25% 이하): 본인부담률은 6%입니다.- 타 법령에 따른 의료급여 수급자: 본인부담률은 6%입니다.- 국민기초생활 보장법에 따른 의료급여 수급자: 본인부담금이 면제됩니다.주의사항:⚠️ 본인부담률은 수급자의 보험료 순위에 따라 다르게 적용되므로, 본인의 상황에 맞는 부담률을 확인하시기 바랍니다.📞  문의: 자세한 사항은 국민건강보험공단에 문의해 주세요.이렇게 본인부담률을 이해하시면 복지용구 이용 시 도움이 되실 것입니다. 추가로 궁금한 점이 있으시면 언제든지 문의해 주세요.",like,user_cbhe9wfa7_1754984641125
2025-08-12 17:01:46,와 비 많이온다,"죄송합니다. 저는 노인복지용구 전문 상담 챗봇입니다. 복지용구 신청, 품목, 비용, 자격조건 등에 대해서만 답변할 수 있어요. 복지용구와 관련된 궁금한 점이 있으시면 언제든 물어보세요!",like,user_arebmrl6z_1754985635327
2025-08-12 17:01:48,복지용구 자격 확인은 어떻게 하나요?,"제목복지용구 자격 확인 방법신청 자격:복지용구를 신청하기 위해서는 다음과 같은 자격 요건을 충족해야 합니다.• 최근 1년간 200개 또는 5,000만원 이상 국내 판매 실적이 있는 제품이어야 합니다. 이 실적은 소매 판매에 한정됩니다.• 고령친화우수제품으로 지정된 경우, 최근 1년간 200개 또는 5,000만원 이상 국내 제조·수입 실적이 있어야 합니다.• 신청 제품은 개별 시험 규격(KS, 단체 표준, 안전 기준 부속서 등)을 충족해야 하며, 모든 시험 항목을 만족해야 합니다.주의사항:⚠️ 모든 입증 서류는 유효 기간 내의 서류만 인정되며, 유효 기간이 없는 경우 최근 1년 이내 발급된 서류만 인정됩니다.⚠️ 신청 제품을 구성하는 모든 구성품에 대한 입증 서류를 제출해야 하며, 서류 상의 업체명/제품명이 신청 제품과 일치해야 합니다.문의:📞 제품 서류 관련 문의는 복지용구2팀(033-736-1986)으로, 가격 서류 관련 문의는 복지용구3팀(033-736-1993, 1994)으로 연락해 주세요.안내:복지용구 자격 확인에 대한 더 자세한 정보는 국민건강보험공단에 문의하시기 바랍니다. 확실하지 않은 내용은 공단에 직접 확인해 주세요.",dislike,user_arebmrl6z_1754985635327
2025-08-12 17:10:46,그럼 전동휠체어를 빌릴수있는조건은 뭐야?,"제목전동휠체어 대여 조건 안내대여 조건:전동휠체어는 대여 가능한 복지용구로, 보행이 불가능하거나 장시간 보행이 어려운 경우에 사용됩니다. 대여를 위해서는 다음과 같은 조건을 충족해야 합니다:1️⃣ 장기요양등급: 전동휠체어를 대여하려면 장기요양등급을 받은 수급자여야 합니다. 장기요양등급은 어르신의 신체 상태와 일상생활 수행 능력을 평가하여 부여됩니다.2️⃣ 대여 기간: 전동휠체어의 대여 가능 햇수는 10년입니다. 이 기간 내에서 대여가 가능합니다.3️⃣ 대여 비용: 대여 비용은 월 단위로 산정되며, 대여 시작일과 종료일에 따라 일자별로 나누어 산정됩니다. 연속된 대여 일수가 15일 미만인 경우에는 15일로 간주하여 산정합니다.주의사항:⚠️ 전동휠체어는 의료기관에 입원한 동안에는 이용이 제한됩니다. 단, 대여 중 입원한 경우에는 입원 기간 중 최대 15일까지 급여 산정이 가능합니다.📞  문의: 전동휠체어 대여에 대한 자세한 사항은 관련 기관에 문의하시기 바랍니다.안내 마무리:전동휠체어 대여를 고려 중이시라면, 위의 조건을 확인하시고 필요 시 관련 기관에 문의하여 정확한 정보를 얻으시기 바랍니다. 추가적인 정보가 필요하시면 언제든지 문의해 주세요.",dislike,user_y1oo28sed_1754985857152
2025-08-12 17:50:46,복지용구 급여유효기간 갱신 실시일정,제목: 복지용구 급여유효기간 갱신 실시일정신청 대상:- 2025.12.31. 급여유효기간 만료 예정인 복지용구 55개 제품- 2025.10.16. 급여유효기간 만료 예정인 복지용구 25개 제품신청 방법 및 기간:- 방법: 공급업체가 신청일자에 맞춰 전산처리  - 경로: 공급업체 로그인 → 복지용구신청 → 복지용구 급여유효기간 갱신신청 등록  - 전산처리 매뉴얼: [붙임] 복지용구 급여유효기간 갱신업무 관련 전산프로그램 사용 매뉴얼(공급업체) 참조- 기간:  - 2025.10.1. ~ 2025.10.31. (1개월)  - 2025.7.18. ~ 2025.8.17. (1개월)⚠️  주의사항: 접수기간을 초과하면 공급업체가 전산으로 갱신신청이 불가하므로 반드시 기간 내에 전산등록하시기 바랍니다.문의:📞  2025년 제3차 갱신 관련: 요양자원실 건강보험고령친화연구센터 연구3팀 033-736-1887📞  2025년 제4차 갱신 관련: 요양자원실 건강보험고령친화연구센터 연구4팀 033-736-1899추가 정보:- 배회감지기(GPS형) 품목은 별도 처리 사항 없음- 급여유효기간 갱신 신청은 공단이 운영하는 전산시스템을 활용하여 신청하는 것을 원칙으로 함⚠️  주의사항: 구체적인 정보는 제공된 자료를 참고하세요.,like,user_ccibaqm6r_1754988496835
2025-08-13 11:46:32,전동휠체어 급여 조건,"전동휠체어 급여 조건급여 대상자:• 전동휠체어는 장기요양인정서에 재가급여 또는 가족요양비 지급 대상자로 표시된 경우에 한해 이용이 가능합니다.• 노인요양시설에 입소한 어르신은 전동휠체어를 구입하거나 대여할 수 없습니다.급여 방식:• 구입방식: 전동휠체어를 직접 구입하여 사용하는 방식입니다.• 대여방식: 전동휠체어를 일정 기간 대여하여 사용하는 방식입니다.급여비용 본인부담률:• 일반 대상자: 15%• 감경 대상자 (보험료 순위 25% 초과 50% 이하): 9%• 감경 대상자 (보험료 순위 25% 이하): 6%• 타 법령에 따른 의료급여 수급자: 6%• 국민기초생활 보장법에 따른 의료급여 수급자: 면제급여비용 연한도액:• 수급자는 복지용구 급여를 연한도액 범위 안에서 제공받을 수 있습니다.• 연한도액 적용 기간: 수급자의 최초 인정 유효기간 개시일로부터 1년• 한도 금액: 연간 160만 원• 복지용구 급여비용(= 본인부담금 + 공단부담금)은 구입과 대여 비용을 합산하여 계산합니다.• 연한도액 초과 시: 초과 금액은 전액 본인 부담주의사항:⚠️ 전동휠체어는 타 법령에 의해 지급받은 경우 급여가 제한될 수 있습니다. 예를 들어, 건강보험법에 따른 수동휠체어와 같은 경우입니다.📞  문의: 구체적인 정보는 관련 기관에 확인해 주세요.",dislike,user_jdco33che_1755053057835
2025-08-13 11:47:40,전동휠체어 급여 조건,"전동휠체어 급여 조건급여 대상자:• 전동휠체어는 장기요양인정서에 재가급여 또는 가족요양비 지급 대상자로 표시된 경우에 한해 이용이 가능합니다.• 노인요양시설에 입소한 어르신은 전동휠체어를 구입하거나 대여할 수 없습니다.급여 방식:• 구입방식: 전동휠체어를 직접 구입하여 사용하는 방식입니다.• 대여방식: 전동휠체어를 일정 기간 대여하여 사용하는 방식입니다.급여비용 본인부담률:• 일반 대상자: 15%• 감경 대상자 (보험료 순위 25% 초과 50% 이하): 9%• 감경 대상자 (보험료 순위 25% 이하): 6%• 타 법령에 따른 의료급여 수급자: 6%• 국민기초생활 보장법에 따른 의료급여 수급자: 면제급여비용 연한도액:• 수급자는 복지용구 급여를 연한도액 범위 안에서 제공받을 수 있습니다.• 연한도액 적용 기간: 수급자의 최초 인정 유효기간 개시일로부터 1년• 한도 금액: 연간 160만 원• 복지용구 급여비용(= 본인부담금 + 공단부담금)은 구입과 대여 비용을 합산하여 계산합니다.• 연한도액 초과 시: 초과 금액은 전액 본인 부담입니다.주의사항:⚠️ 전동휠체어는 타 법령에 의해 지급받은 경우 급여가 제한될 수 있습니다. 예를 들어, 건강보험법에 따른 수동휠체어와 같은 경우입니다.📞  문의: 구체적인 정보는 관련 기관에 확인해 주세요.",dislike,user_jdco33che_1755053057835
2025-08-13 15:04:54,보청기급여조건,"보청기 급여 조건급여 대상자 세부 인정 기준:1️⃣ 편측: 청각장애인(청력장애 한정)으로, 보청기 사용이 일상생활에 도움이 된다고 이비인후과 전문의가 판단한 경우2️⃣ 양측: 편측 급여 대상자 중 아래 조건을 모두 충족한 경우- 15세 이하 청각장애인- 양측 난청 (80dB 미만)- 양측 어음명료도 ≥ 50%- 양측 순음청력역치 차이 ≤ 15dB- 양측 어음명료도 차이 ≤ 20%3️⃣ 제외 대상: 의식이 명료하지 않거나 보청기 사용이 불가능하다고 전문의가 판단한 경우처방 가능한 전문의:- 청각장애: 이비인후과급여 절차 및 제출서류:1️⃣ 병원 진료 및 처방:- 이비인후과에서 보장구 처방전 및 청력검사 결과지 발급2️⃣ 보청기 구입:- 공단 등록 보청기 센터에서 구매- 다음 서류 수령:  - 세금계산서 또는 카드 전표  - 바코드 식별 가능한 보청기 사진  - 보청기 구매 표준계약서(보험급여용)  - 의료기기 판매업 신고증 사본 등3️⃣ 보청기 검수:- 보청기 착용 후 1개월 경과 후- 이비인후과에서 보조기기 검수확인서 발급 (별지 제23호 서식)- 검수 결과 청력 개선 효과 있다고 판단되면 급여 가능4️⃣ 급여비 청구:- 제출서류:  - 보조기기급여비 지급청구서 (별지 제21호 서식)  - 보조기기 처방전 (별지 제22호 서식)  - 보조기기 검수확인서 (별지 제23호 서식)  - 세금계산서 또는 카드 전표 (거래명세서 포함)  - 바코드 식별 가능한 보조기기 사진⚠️  주의사항: 처방전 발급일(급여결정 통보일)로부터 6개월 이내 구입한 제품만 급여 가능📞  문의: 구체적인 정보는 국민건강보험공단에 확인해 주세요.",like,user_84uvhxut8_1755065059253
2025-08-13 15:06:46,전동휠체어 급여 조건,"전동휠체어 급여 조건급여 대상자 세부 인정 기준:- 지체/뇌병변장애: 평지에서 100m 이상 보행이 불가능하고, 팔의 맨손 근력검사 결과가 최대근력 3등급 이하인 경우- 심장장애: 운동부하 검사 결과 2~4 METs 미만 또는 평지보행이 불가능하며, 팔 근력이 3등급 이하인 경우- 호흡기장애: BODE Index 기준 8점 이상 또는 팔 근력이 3등급 이하인 경우공통 기준:- MMSE 인지검사: 24점 이상- MBI 일상생활동작검사: ""적합"" 판정- 운전면허 보유자 또는 조작 가능 판단 가능한 자처방 가능한 전문의:- 지체/뇌병변장애: 재활의학과, 정형외과, 신경외과, 신경과, 외과- 심장장애: 재활의학과, 내과(순환기분과), 흉부외과- 호흡기장애: 재활의학과, 내과(호흡기/알레르기분과), 흉부외과, 결핵과급여 절차 및 제출서류:1. 병원 진료 및 처방:   - 전문의 진료 후 전동휠체어 처방전 및 MMSE, MBI, 근력검사 결과지 발급2. 급여승인 신청:   - 보조기기 급여승인신청서, 처방전, 검사결과지 등을 국민건강보험공단에 제출하여 승인 신청3. 전동휠체어 구입:   - 공단 등록된 판매업소에서 구입   - 세금계산서 또는 카드 전표 수령 및 바코드 사진 확보4. 급여비 청구 및 환급:   - 급여비 지급청구서 제출 후 약 2~3주 후 공단으로부터 환급유의사항:- 급여결정 통보일로부터 6개월 이내 구입 시만 급여 가능- 내부기관 장애나 지체장애 중복 보유한 경우도 인정 가능⚠️  주의사항: 구체적인 정보는 제공된 자료를 참고하세요.📞  문의: 관련 기관에 확인해 주세요.",like,user_84uvhxut8_1755065059253
2025-08-13 15:10:35,오늘 떡볶이 어디 종류 먹을까?,"죄송합니다. 저는 노인복지용구 전문 상담 챗봇입니다. 복지용구 신청, 품목, 비용, 자격조건 등에 대해서만 답변할 수 있어요. 복지용구와 관련된 궁금한 점이 있으시면 언제든 물어보세요!",like,user_84uvhxut8_1755065059253
2025-08-13 15:23:43,보청기 급여조건,"제목: 보청기 급여조건 안내급여 조건 요약:보청기를 통해 급여를 받기 위해서는 다음과 같은 조건을 충족해야 합니다.1️⃣ 편측 급여 대상자:- 청각장애인으로, 보청기 사용이 일상생활에 도움이 된다고 이비인후과 전문의가 판단한 경우2️⃣ 양측 급여 대상자:- 15세 이하 청각장애인- 양측 난청이 80dB 미만- 양측 어음명료도가 50% 이상- 양측 순음청력역치 차이가 15dB 이하- 양측 어음명료도 차이가 20% 이하3️⃣ 제외 대상:- 의식이 명료하지 않거나 보청기 사용이 불가능하다고 전문의가 판단한 경우처방 가능한 전문의:- 청각장애: 이비인후과 전문의급여 절차 및 제출서류:1️⃣ 병원 진료 및 처방:- 이비인후과에서 보장구 처방전 및 청력검사 결과지 발급2️⃣ 보청기 구입:- 공단 등록 보청기 센터에서 구매- 다음 서류 수령:  - 세금계산서 또는 카드 전표  - 바코드 식별 가능한 보청기 사진  - 보청기 구매 표준계약서(보험급여용)  - 의료기기 판매업 신고증 사본 등3️⃣ 보청기 검수:- 보청기 착용 후 1개월 경과 후- 이비인후과에서 보조기기 검수확인서 발급 (별지 제23호 서식)- 검수 결과 청력 개선 효과 있다고 판단되면 급여 가능4️⃣ 급여비 청구:- 제출서류:  - 보조기기급여비 지급청구서 (별지 제21호 서식)  - 보조기기 처방전 (별지 제22호 서식)  - 보조기기 검수확인서 (별지 제23호 서식)  - 세금계산서 또는 카드 전표 (거래명세서 포함)  - 바코드 식별 가능한 보조기기 사진⚠️  주의사항: 처방전 발급일(급여결정 통보일)로부터 6개월 이내 구입한 제품만 급여 가능합니다.📞  문의: 구체적인 정보는 국민건강보험공단에 확인해 주세요.",like,user_dtruev9rr_1755066067050
2025-08-13 16:26:35,박종희가 누군지아냐?,"죄송합니다. 저는 노인복지용구 전문 상담 챗봇입니다. 복지용구 신청, 품목, 비용, 자격조건 등에 대해서만 답변할 수 있어요. 복지용구와 관련된 궁금한 점이 있으시면 언제든 물어보세요!",like,user_wmohwfa32_1755069907253
2025-08-13 16:26:37,보청기 급여조건,"제목: 보청기 급여조건급여 대상자 세부 인정 기준:• 편측: 청각장애인(청력장애 한정)으로, 보청기 사용이 일상생활에 도움이 된다고 이비인후과 전문의가 판단한 경우• 양측: 편측 급여 대상자 중 아래 조건을 모두 충족한 경우  - 15세 이하 청각장애인  - 양측 난청 (80dB 미만)  - 양측 어음명료도 ≥ 50%  - 양측 순음청력역치 차이 ≤ 15dB  - 양측 어음명료도 차이 ≤ 20%• 제외 대상: 의식이 명료하지 않거나 보청기 사용이 불가능하다고 전문의가 판단한 경우처방 가능한 전문의:• 청각장애: 이비인후과급여 절차 및 제출서류:1️⃣ 병원 진료 및 처방:   - 이비인후과에서 보장구 처방전 및 청력검사 결과지 발급2️⃣ 보청기 구입:   - 공단 등록 보청기 센터에서 구매   - 다음 서류 수령:     - 세금계산서 또는 카드 전표     - 바코드 식별 가능한 보청기 사진     - 보청기 구매 표준계약서(보험급여용)     - 의료기기 판매업 신고증 사본 등3️⃣ 보청기 검수:   - 보청기 착용 후 1개월 경과 후   - 이비인후과에서 보조기기 검수확인서 발급 (별지 제23호 서식)   - 검수 결과 청력 개선 효과 있다고 판단되면 급여 가능4️⃣ 급여비 청구:   - 제출서류:     - 보조기기급여비 지급청구서 (별지 제21호 서식)     - 보조기기 처방전 (별지 제22호 서식)     - 보조기기 검수확인서 (별지 제23호 서식)     - 세금계산서 또는 카드 전표 (거래명세서 포함)     - 바코드 식별 가능한 보조기기 사진⚠️  주의사항: 처방전 발급일(급여결정 통보일)로부터 6개월 이내 구입한 제품만 급여 가능📞  문의: 구체적인 정보는 국민건강보험공단에 확인해 주세요.",like,user_wmohwfa32_1755069907253
2025-08-14 17:41:04,장기요양 본인부담금 감경적용기준에서 지역가입자 1명은 얼마이하야?,"죄송합니다. 저는 노인복지용구 전문 상담 챗봇입니다. 복지용구 신청, 품목, 비용, 자격조건 등에 대해서만 답변할 수 있어요. 복지용구와 관련된 궁금한 점이 있으시면 언제든 물어보세요!",dislike,user_sqxpw3i7j_1755160672446
2025-08-14 17:41:05,장기요양 본인부담금 감경적용기준에서 지역가입자 1명은 얼마이하야?,"죄송합니다. 저는 노인복지용구 전문 상담 챗봇입니다. 복지용구 신청, 품목, 비용, 자격조건 등에 대해서만 답변할 수 있어요. 복지용구와 관련된 궁금한 점이 있으시면 언제든 물어보세요!",like,user_sqxpw3i7j_1755160672446
2025-08-18 13:20:32,노인요양시설 요양보호사 초과 배치 한시 가산이 변경되었나요?,"제목노인요양시설 요양보호사 초과 배치 한시 가산 변경 안내변경 사항:노인요양시설의 요양보호사 초과 배치 한시 가산이 변경되었습니다. 2025년부터는 모든 노인요양시설에서 요양보호사 인력 추가 배치 가산점수가 산정되지 않습니다. 이는 노인복지법 시행규칙 개정에 따른 조치입니다.요양보호사 배치 기준:• 기존 배치 기준: 입소자 2.3명당 요양보호사 1명• 변경된 배치 기준: 입소자 2.1명당 요양보호사 1명주의사항:⚠️  2025년부터는 요양보호사 인력 추가 배치 가산점수가 적용되지 않으니, 시설 운영 시 이 점을 반드시 유의하시기 바랍니다.문의:📞 구체적인 사항은 관련 기관에 문의해 주세요.",dislike,user_4z36mom8p_1755490710990
2025-08-18 14:18:25,신규 급여결정신청 진행절차 어떻게 진행되는지,"제목: 신규 급여결정신청 진행절차 안내신청 접수:- 기간: 2025년 3월 13일(목)부터 3월 19일(수)까지, 총 7일간 진행됩니다.- 방법: 노인장기요양보험 홈페이지를 통해 온라인으로 신청하실 수 있습니다.제품 서류심사:- 기간: 3월부터 4월까지 진행됩니다.- 내용: 유통 및 제조 실적, 규격 충족 입증서류 등의 제출서류를 검토합니다.- 보완 요청: 심사 결과 보완 요청을 받은 경우, 통보받은 날로부터 7일 이내에 보완하여 제출해야 합니다. 최종 서류가 '적합'으로 판정된 제품만 제품심사를 받게 됩니다.가격 서류심사:- 기간: 4월부터 5월까지 진행됩니다.- 내용: 재료비 등 가격 산출 내역과 제조 공정을 검토 및 확인합니다.- 보완 요청: 심사 결과 보완 요청을 받은 경우, 통보받은 날로부터 7일 이내에 보완하여 제출해야 합니다.제품심사:- 기간: 5월부터 6월까지 진행됩니다.- 내용: 제품 선정 심사 평가 방법 및 평가표에 따라 급여 적절성, 안전성, 기능성, 편의성 등을 심사합니다.- 보완 요청: 심사 결과 보완 요청을 받은 경우, 통보받은 날로부터 10일 이내에 보완하여 제출해야 합니다.가격협의:- 기간: 6월에 진행됩니다.- 대상: 제품심사 결과 '적합' 판정을 받은 제품만 가격협의 대상으로 선정됩니다.- 기준: 공급업체 판매 희망 가격, 공단 산출 가격 및 시장 조사 가격 중 최저 가격을 기준으로 협의합니다.복지용구 급여평가위원회:- 기간: 7월에 진행됩니다.- 내용: 급여 적정성, 비용 효과성 등 신청 제품의 급여 인정 여부 및 적정 가격을 심의 및 의결합니다.- 결과 통보: 신청일로부터 120일 이내에 급여 결정 신청 결과를 통보합니다.장기요양위원회 및 보건복지부 장관 고시:- 내용: 장기요양위원회의 최종 심의를 거쳐 보건복지부 장관이 고시합니다.- 결정: 장기요양위원회 심의 결과에 따라 급여 인정 여부가 최종 결정됩니다.⚠️  주의사항: 구체적인 정보는 제공된 자료를 참고하세요.📞  문의: 관련 기관에 확인해 주세요.",dislike,user_p4naubrq8_1755493639575
2025-08-18 16:47:29,8월 신규 급여결정신청 진행절차,"제목2025년 하반기 복지용구 신규 급여결정신청 진행절차 안내신청 접수:• 신청기간: 2025년 8월 18일(월)부터 8월 22일(금)까지• 신청방법: 온라인(노인장기요양보험 홈페이지) 신청 및 등기우편(USB) 접수⚠️  주의사항: 등기우편(USB) 접수는 마감일인 2025년 8월 22일(금)까지 등기 발송분만 인정됩니다.서류 심사:• 제품 서류심사 (8~9월): 유통·제조(수입) 실적, 규격 충족 입증서류 등 제출서류의 적정성 검토• 가격 서류심사 (8~11월): 재료비, 매입원가 등 가격산출내역 검토 및 제조공정 검토·확인⚠️  주의사항: 심사결과 보완요청을 받은 경우, 통보일로부터 7일 이내 보완·제출해야 합니다.제품 심사:• 기간 (10~11월): 제품선정 심사 평가방법 및 평가표에 따라 급여 적정성, 안전성, 기능성, 편의성 등 제품(견본품) 심사⚠️  주의사항: 심사결과 보완요청을 받은 경우, 통보일로부터 10일 이내 보완·제출해야 합니다.가격 협의:• 기간 (11월): 제품심사 결과 ‘적합’ 판정 제품만 가격협의 대상으로 선정• 기준: 공급업체 판매희망가격, 공단산출가격 및 시장조사가격 중 최저가격을 기준으로 협의복지용구 급여평가위원회:• 기간 (12월): 급여 적정성, 비용효과성 등 신청 품목·제품의 급여인정 여부 및 적정가격 심의·의결• 결과 통보: 신청일로부터 120일 이내 급여결정신청 결과 통보장기요양위원회 및 보건복지부 장관 고시:• 장기요양위원회 최종심의를 거쳐 보건복지부 장관이 고시합니다.⚠️  주의사항: 장기요양위원회 심의결과에 따라 급여인정 여부가 최종 결정됩니다.📞  문의: 구체적인 정보는 국민건강보험공단에 문의해 주세요.",like,user_42lncqj14_1755502171231
2025-08-18 16:48:01,신규 급여결정신청 진행절차,"제목: 신규 급여결정신청 진행절차섹션명: 신청 및 접수• 신청 기간: 2025년 8월 18일(월)부터 8월 22일(금)까지• 신청 방법: 온라인(노인장기요양보험 홈페이지) 신청 및 등기우편(USB) 제출⚠️  주의사항: 등기우편(USB) 접수는 마감일(2025년 8월 22일)까지 등기 발송분만 인정됩니다.섹션명: 서류심사• 제품 서류심사: 8월부터 9월까지 진행되며, 유통‧제조(수입) 실적, 규격 충족 입증서류 등 제출서류의 적정성을 검토합니다.• 가격 서류심사: 8월부터 11월까지 진행되며, 재료비, 매입원가 등 가격산출내역 검토 및 제조공정 검토‧확인을 합니다.✅  보완 요청 시: 통보일로부터 7일 이내에 보완‧제출해야 합니다.섹션명: 제품심사• 심사 기간: 10월부터 11월까지• 심사 내용: 제품선정 심사 평가방법 및 평가표에 따라 급여 적정성, 안전성, 기능성, 편의성 등 제품(견본품) 심사를 진행합니다.✅  보완 요청 시: 통보일로부터 10일 이내에 보완‧제출해야 합니다.섹션명: 가격협의• 협의 기간: 11월• 협의 대상: 제품심사 결과 ‘적합’ 판정 제품만 가격협의 대상으로 선정됩니다.• 협의 기준: 공급업체 판매희망가격, 공단산출가격 및 시장조사가격 중 최저가격을 기준으로 협의합니다.섹션명: 복지용구 급여평가위원회• 평가 기간: 12월• 평가 내용: 급여 적정성, 비용효과성 등 신청 품목·제품의 급여인정 여부 및 적정가격을 심의‧의결합니다.• 결과 통보: 신청일로부터 120일 이내에 급여결정신청 결과를 통보합니다.섹션명: 장기요양위원회 및 보건복지부 장관 고시• 최종 심의: 장기요양위원회 최종심의를 거쳐 보건복지부 장관이 고시합니다.⚠️  주의사항: 장기요양위원회 심의결과에 따라 급여인정 여부가 최종 결정됩니다.📞  문의: 구체적인 정보는 국민건강보험공단에 문의해 주세요.",like,user_42lncqj14_1755502171231
2025-08-18 17:27:18,25년도 6월까지 한시 가산을 3회 적용받았습니다. 7월부터 12월까지 6회를 추가로 적용 받을 수 있나요?,"제목: 한시 가산 적용 가능 여부한시 가산 적용:✅  최대 적용 횟수: 한시 가산은 연간 6개월(6회)의 한도 내에서 적용 가능합니다.✅  기적용 횟수 제외: 이미 6월까지 3회의 한시 가산을 적용받으셨다면, 7월부터 12월까지는 최대 3회까지 추가로 적용받을 수 있습니다.⚠️  주의사항: 한시 가산 조건을 충족해야 추가 적용이 가능합니다. 구체적인 조건은 관련 기관에 문의하시기 바랍니다.📞  문의: 더 자세한 정보가 필요하시면 관련 기관에 확인해 주세요.",like,user_c1r8t9uds_1755504485242
2025-08-18 17:27:19,25년도 6월까지 한시 가산을 3회 적용받았습니다. 7월부터 12월까지 6회를 추가로 적용 받을 수 있나요?,"죄송합니다. 저는 노인복지용구 전문 상담 챗봇입니다. 복지용구 신청, 품목, 비용, 자격조건 등에 대해서만 답변할 수 있어요. 복지용구와 관련된 궁금한 점이 있으시면 언제든 물어보세요!",dislike,user_c1r8t9uds_1755504485242
2025-08-19 13:48:55,25년도 6월까지 한시 가산을 3회 적용받았습니다. 7월부터 12월까지 6회를 추가로 적용 받을 수 있나요?,"죄송합니다. 저는 노인복지용구 전문 상담 챗봇입니다. 복지용구 신청, 품목, 비용, 자격조건 등에 대해서만 답변할 수 있어요. 복지용구와 관련된 궁금한 점이 있으시면 언제든 물어보세요!",dislike,user_p5odh591r_1755577993759
2025-08-19 13:49:14,25년도 6월까지 한시 가산을 3회 적용받았습니다. 7월부터 12월까지 6회를 추가로 적용 받을 수 있나요?,"제목: 한시 가산 적용 가능 여부한시 가산 적용 가능 횟수:✅  최대 적용 횟수: 연간 6회까지 가능합니다.✅  기적용 횟수: 이미 3회 적용받으셨다면, 남은 3회를 추가로 적용받을 수 있습니다.주의사항:⚠️  한시 가산 조건 충족 시: 7월부터 12월까지 한시 가산 조건을 충족하실 경우에만 추가 적용이 가능합니다.문의:📞  관련 기관에 확인해 주세요. 구체적인 상황에 따라 다를 수 있으니, 정확한 정보를 위해 관련 기관에 문의하시기 바랍니다.",like,user_p5odh591r_1755577993759
2025-08-19 14:09:23,배우자 출산휴가 사용 시 근무시간 인정일수가 확대되었나요?,"제목배우자 출산휴가 사용 시 근무시간 인정일수섹션명:배우자 출산휴가:✅  최신 정보: 배우자의 출산휴가는 출산일로부터 90일 이내에 사용해야 하며, 10일 동안 사용할 수 있습니다. 이 휴가는 1회에 한정하여 나누어 사용할 수 있습니다.⚠️  주의사항: 배우자 출산휴가 사용 시 근무시간 인정일수에 대한 구체적인 확대 정보는 제공된 자료에 명시되어 있지 않습니다. 확실하지 않으니 공단에 문의해 주세요.📞  문의: 관련 기관에 확인해 주세요.",dislike,user_p5odh591r_1755577993759
2025-08-19 15:23:24,배우자 출산휴가 사용 시 근무시간 인정일수가 확대되었나요?,"제목: 배우자 출산휴가 사용 시 근무시간 인정일수배우자 출산휴가:✅  출산휴가 기간: 배우자의 출산휴가는 10일입니다. 이 휴가는 출산일로부터 90일 이내에 사용해야 하며, 1회에 한정하여 나누어 사용할 수 있습니다.⚠️  주의사항: 출산휴가를 사용하는 동안 근무시간 인정일수에 대한 구체적인 확대 정보는 제공된 자료에 포함되어 있지 않습니다. 따라서, 확실하지 않으니 공단에 문의해 주세요.📞  문의: 관련 기관에 확인해 주세요.",dislike,user_p5odh591r_1755577993759
2025-08-19 15:43:05,배우자 출산휴가 사용 시 근무시간 인정일수가 확대되었나요?,"제목: 배우자 출산휴가 사용 시 근무시간 인정일수배우자 출산휴가:✅  최신 정보: 배우자 출산휴가는 20일로, 출산일로부터 120일 이내에 사용하실 수 있습니다. 이 휴가는 3회에 한정하여 나누어 사용할 수 있습니다.⚠️  주의사항: 배우자 출산휴가 사용 시 근무시간 인정일수에 대한 추가적인 확대 정보는 제공된 자료에 명시되어 있지 않습니다. 따라서, 확실하지 않으니 공단에 문의해 주세요.📞  문의: 관련 기관에 확인해 주세요.",like,user_2rbvyx503_1755585751509
2025-08-19 16:08:52,복지용구 신규 급여결정신청 진행절차 알려줘,"제목: 복지용구 신규 급여결정신청 진행절차신청 접수:• 기간: 2025년 8월 18일(월)부터 8월 22일(금)까지• 방법: 온라인 신청(노인장기요양보험 홈페이지) 및 등기우편(USB) 제출⚠️  주의사항: 등기우편 접수는 마감일인 2025년 8월 22일(금)까지 등기 발송분만 인정됩니다.서류 심사:• 기간: 8월부터 9월까지• 내용: 유통‧제조(수입) 실적, 규격 충족 입증서류 등 제출서류의 적정성 검토• 보완 요청: 심사결과 보완 요청을 받은 경우, 통보일로부터 7일 이내 보완‧제출해야 합니다.가격 서류 심사:• 기간: 8월부터 11월까지• 내용: 재료비, 매입원가 등 가격산출내역 검토 및 제조공정 검토‧확인• 보완 요청: 심사결과 보완 요청을 받은 경우, 통보일로부터 7일 이내 보완‧제출해야 합니다.제품 심사:• 기간: 10월부터 11월까지• 내용: 급여 적정성, 안전성, 기능성, 편의성 등 제품(견본품) 심사• 보완 요청: 심사결과 보완 요청을 받은 경우, 통보일로부터 10일 이내 보완‧제출해야 합니다.가격 협의:• 기간: 11월• 대상: 제품심사 결과 ‘적합’ 판정 제품만 가격협의 대상으로 선정• 기준: 공급업체 판매희망가격, 공단산출가격 및 시장조사가격 중 최저가격을 기준으로 협의복지용구 급여평가위원회:• 기간: 12월• 내용: 급여 적정성, 비용효과성 등 신청 품목·제품의 급여인정 여부 및 적정가격 심의‧의결• 결과 통보: 신청일로부터 120일 이내 급여결정신청 결과 통보장기요양위원회 및 보건복지부 장관 고시:• 내용: 장기요양위원회 최종심의를 거쳐 보건복지부 장관이 고시⚠️  주의사항: 장기요양위원회 심의결과에 따라 급여인정 여부가 최종 결정됩니다.📞  문의: 구체적인 정보는 공고문을 참조하시거나 관련 기관에 문의해 주세요.",like,user_ktgt2fn67_1755587283568
2025-08-19 16:20:25,급여비용 본인부담률 알려주라,"제목급여비용 본인부담률 안내본인부담률:✅  2025년도 기준: 급여비용이 전년도 대비 평균 3.93% 인상되었습니다. 이에 따라 본인부담금도 인상될 수 있습니다.✅  자동 산출: 장기요양급여비용으로 계산한 본인부담금은 자동으로 산출됩니다. 따라서, 별도의 계산 없이도 본인부담금을 확인하실 수 있습니다.⚠️  주의사항: 본인부담금은 개인의 상황에 따라 달라질 수 있으므로, 구체적인 금액은 관련 기관에 문의하시기 바랍니다.📞  문의: 본인부담금에 대한 자세한 사항은 공단에 문의해 주세요.참고사항:• 급여비용 인상: 2025년도에는 급여비용이 평균 3.93% 인상되었습니다. 이는 본인부담금에도 영향을 미칠 수 있습니다.• 급여비용 산정: 급여비용은 구입가와 인건비 지출비율 등을 고려하여 산정됩니다.어르신께서 이해하시기 쉽게 설명드렸습니다. 추가로 궁금한 점이 있으시면 언제든지 문의해 주세요.",dislike,user_2g6jc17eu_1755587973383
2025-08-19 16:23:28,급여비용 본인부담률 알려주라,"제목: 급여비용 본인부담률 안내본인부담률:✅  2025년도 급여비용 인상: 전년도 대비 평균 3.93% 인상되었습니다. 이는 노인요양시설, 공생, 주·야간, 단기보호 등 다양한 급여유형에 적용됩니다.✅  본인부담금 자동 산출: 장기요양급여비용으로 계산한 본인부담금이 자동으로 산출됩니다. 따라서, 별도의 계산 없이도 본인부담금을 확인하실 수 있습니다.⚠️  주의사항: 급여비용의 인상에 따라 본인부담금도 변동될 수 있으니, 구체적인 금액은 관련 기관에 문의하시기 바랍니다.📞  문의: 본인부담금에 대한 자세한 사항은 공단에 문의해 주세요. 확실하지 않은 부분은 직접 확인하시는 것이 좋습니다.참고사항:• 급여비용 구입가: 일부 항목의 구입가는 31,000원 또는 30,400원으로 현행과 동일합니다.• 인건비 지출비율 산정 제외: 인건비 지출비율 산정에서 제외되는 급여비용이 자동으로 산출됩니다.어르신께서 이해하시기 쉽게 설명드렸습니다. 추가로 궁금한 점이 있으시면 언제든지 문의해 주세요.",dislike,user_kpdhcgncf_1755588045193
2025-08-19 16:23:30,급여 대상 품목 알려줘,"제목: 복지용구 급여 대상 품목 안내섹션명: 최신 급여 대상 품목✅  욕창예방매트리스: 총 28개 제품이 있으며, 사용 가능 기간은 3년입니다.섹션명: 급여 제외 품목⚠️  급여 제외 품목: 총 39개 제품이 있으며, 10개 품목이 포함됩니다.섹션명: 참고사항• 환율 변동에 따른 가격 조정: 복지용구 수입상품의 경우, 구입 방식에 따라 환율 등급별 조정률 표에 따라 가격이 조정됩니다.• 급여비용 산정 방법: 급여비용은 고시된 기준에 따라 산정됩니다.📞  문의: 구체적인 정보나 추가적인 문의 사항은 관련 기관에 확인해 주세요.주의: 최신 정보는 2024년 11월 19일 개정된 내용을 기준으로 하며, 이전 정보는 참고용으로 제공됩니다. 확실하지 않은 내용은 공단에 문의해 주세요.",dislike,user_kpdhcgncf_1755588045193
2025-08-19 16:29:26,복지용구 신규 급여결정신청 진행절차 알려줘,"제목: 복지용구 신규 급여결정신청 진행절차신청 접수:• 기간: 2025년 8월 18일(월)부터 8월 22일(금)까지• 방법: 온라인(노인장기요양보험 홈페이지) 신청 및 등기우편(USB) 제출⚠️  주의사항: 등기우편(USB) 접수는 마감일인 2025년 8월 22일(금)까지 등기 발송분만 인정됩니다.제품 서류심사:• 기간: 8월부터 9월까지• 내용: 유통‧제조(수입) 실적, 규격 충족 입증서류 등 제출서류의 적정성 검토✅  보완 요청 시: 통보일로부터 7일 이내 보완‧제출해야 합니다.가격 서류심사:• 기간: 8월부터 11월까지• 내용: 재료비, 매입원가 등 가격산출내역 검토 및 제조공정 검토‧확인✅  보완 요청 시: 통보일로부터 7일 이내 보완‧제출해야 합니다.제품심사:• 기간: 10월부터 11월까지• 내용: 급여 적정성, 안전성, 기능성, 편의성 등 제품(견본품) 심사✅  보완 요청 시: 통보일로부터 10일 이내 보완‧제출해야 합니다.가격협의:• 기간: 11월• 대상: 제품심사 결과 ‘적합’ 판정 제품만 가격협의 대상으로 선정• 기준: 공급업체 판매희망가격, 공단산출가격 및 시장조사가격 중 최저가격을 기준으로 협의복지용구 급여평가위원회:• 기간: 12월• 내용: 급여 적정성, 비용효과성 등 신청 품목·제품의 급여인정 여부 및 적정가격 심의‧의결• 결과 통보: 신청일로부터 120일 이내 급여결정신청 결과 통보장기요양위원회 및 보건복지부 장관 고시:• 내용: 장기요양위원회 최종심의 거쳐 보건복지부 장관 고시⚠️  주의사항: 장기요양위원회 심의결과에 따라 급여인정 여부가 최종 결정됩니다.📞  문의: 구체적인 정보는 공고문을 참조하시거나 관련 기관에 문의해 주세요.",like,user_x5v6fyywx_1755588392250
2025-08-19 16:32:51,전동휠체어 급여조건 알려줘,"제목: 전동휠체어 급여조건 안내급여 조건 요약:✅  지체/뇌병변장애: 평지에서 100m 이상 보행이 불가능하고, 팔의 맨손 근력검사 결과가 최대근력 3등급 이하인 경우✅  심장장애: 운동부하 검사 결과 2~4 METs 미만이거나 평지보행이 불가능하며, 팔 근력이 3등급 이하인 경우✅  호흡기장애: BODE Index 기준 8점 이상이거나 팔 근력이 3등급 이하인 경우공통 기준:✅  MMSE 인지검사: 24점 이상✅  MBI 일상생활동작검사: ""적합"" 판정✅  운전면허 보유자 또는 조작 가능 판단이 가능한 자처방 가능한 전문의:- 지체/뇌병변장애: 재활의학과, 정형외과, 신경외과, 신경과, 외과- 심장장애: 재활의학과, 내과(순환기분과), 흉부외과- 호흡기장애: 재활의학과, 내과(호흡기/알레르기분과), 흉부외과, 결핵과⚠️  주의사항: 구체적인 정보는 제공된 자료를 참고하세요.📞  문의: 관련 기관에 확인해 주세요.",like,user_whflc9899_1755588575862
2025-08-19 16:32:52,복지용구 급여 대여할때 본인은 얼마나 부담해,"제목: 복지용구 대여 시 본인 부담금 안내본인부담률:• 복지용구를 대여할 때 본인 부담률은 20%입니다. 이는 대여 품목에 따라 다를 수 있으니, 구체적인 금액은 복지용구 사업소에서 확인하시는 것이 좋습니다.환급 안내:• 복지용구 대여료는 일 단위로 계산되어, 이용 기간에 따라 정확하게 환급됩니다.⚠️  주의사항: 등급 신청일이 아닌, 등급 “인정일” 기준으로 환급이 가능합니다. 환급을 받기 위해서는 반드시 등급 인정 통보 후 구입 또는 대여 시점과 내역을 공단에 제출해야 합니다.문의:📞 구체적인 정보는 복지용구 사업소에 문의하시거나 관련 기관에 확인해 주세요.",dislike,user_whflc9899_1755588575862
